complex_id,complex_name,name_yandex,longitude,latitude,builder_id
96,Южная долина,ЖК Южная долина,30.642198999999998,59.98532900000001,8093
44193,Орловский парк,Орловский парк,30.269371000000003,60.056063,9
25135,Дом на Космонавтов,ЖК Дом на Космонавтов,30.352259000000004,59.839721999999995,8110
14272,Цвета Радуги,ЖК Цвета Радуги,30.446569,60.069297999999996,8115
38206,Жемчужный берег,ЖК Жемчужный Берег,30.151388,59.857277,1608
20737,Алгоритм,ЖК Алгоритм,30.749739,60.025642000000005,10109
37381,Magnifika Lifestyle (Магнифика Лайфстайл),ЖК Magnifika Lifestyle,30.417456,59.93631,2573
7461,Английская миля,ЖК Английская миля,30.108154,59.846106999999996,9164
50194,Парковый,ЖК Парковый,30.300366999999998,60.216141,8135
42906,Апартаменты Vertiсal We & I,Апарт-отель Vertical We & I,30.333591,59.982079000000006,12234
7446,ЦДС Приневский,ЖК ЦДС Приневский,30.510782,59.86683299999999,2351
49395,Инвест-отель IN2IT,Инвест-отель In2It,30.372974,59.829678,14637
7770,Богемия,ЖК Богемия,30.323069,59.904938,8114
49442,"Дом на Лабораторном, 23А","Дом на Лабораторном, 23а",30.387496999999996,59.982323,14641
38879,Golden City (Голден Сити),ЖК Golden City,30.192514000000003,59.94116999999999,9164
7202,Четыре горизонта,Дом Четыре горизонта,30.40539,59.957211,8077
49445,Оазис,ЖК Оазис,30.327513,59.824684,14643
53193,Veren Village Стрельна (Верен Вилладж Стрельна),ЖК Veren Village стрельна,30.071745,59.848835,10814
23520,Дом у Каретного,Дом у Каретного,30.356361,59.91000699999999,5733
47273,Magnifika Residence (Магнифика Резиденс),ЖК Magnifika Residence,30.419287,59.935508999999996,2573
48694,ЦДС Полюстрово,ЖК ЦДС Полюстрово,30.415258,59.971180000000004,2351
43093,Like (Лайк),Апарт-отель Like,30.357164,59.993687,8133
6453,Ultra City (Ультра Сити),ЖК Ultra City,30.225943,60.035412,7132
47147,Цивилизация на Неве,ЖК Цивилизация,30.450703000000004,59.902184,8114
48000,ЦДС Северный,ЦДС,30.405949,60.066970999999995,2351
7391,ЦДС Северные высоты,ЦДС,30.405638,60.067944,2351
31316,Ligovsky city-Первый квартал (Лиговский сити-Первый квартал),ЖК Первый Квартал,30.341654,59.905434,9164
7439,Александровский,ЖК Александровский,30.410915000000003,59.68861,9184
44981,YE'S Residence (Йес Резиденс),Жилой дом Ye’s Residence,30.346228000000004,59.919624,514
33807,Legenda Героев,ЖК Legenda Героев,30.152653000000004,59.858787,8075
5290,Смольный проспект,ЖК Смольный проспект,30.39572,59.943878000000005,8165
6874,Дом на Тамбовской,Дом на Тамбовской,30.354063,59.913689,1325
6953,Граффити,ЖК Граффити,30.248812,60.029198,2747
47189,Дом на Зелейной,Дом на Зелейной,30.283666999999998,59.96499300000001,14306
50188,Болконский,Дом Болконский,30.302288,59.912426,8077
49129,ЦДС Черная речка,ЖК ЦДС Чёрная речка,30.323263,59.984145999999996,2351
7405,ЦДС Муринский Посад,ЖК ЦДС Муринский Посад,30.461576,60.060474,2351
49051,Red Village (Рэд Вилледж),ЖК Red Village,30.10033,59.731719999999996,1247
54739,Урбанист,ЖК Урбанист,30.441311,60.066288,8115
42599,Полис на Комендантском,ЖК Полис на Комендантском,30.214634000000004,60.035522,8130
7448,Duderhof Club,Квартал Duderhof Club,30.157063,59.850882999999996,1608
38464,Дальневосточный 15,Дальневосточный 15,30.459149,59.897966000000004,9
7454,ЦДС Весна-2,ЦДС,30.511089000000002,59.907101000000004,2351
7064,Три ветра,ЖК Три ветра,30.225004,59.982552,8114
48789,Авиатор (Aviator),ЖК Авиатор,30.445946000000003,60.065475,8115
51185,ЦДС Волковский,ЖК ЦДС Волковский,30.363697,59.899929,2351
31321,Ренессанс,ЖК Ренессанс,30.454744,59.901463,9079
7373,Смольный парк,ЖК Смольный парк,30.392458,59.952498999999996,8114
7266,ЦДС Дюна,ЖК ЦДС Дюна,29.953678000000004,60.091263,2351
16507,UP-квартал Комендантский,UP-квартал Комендантский,30.254265000000004,60.026943,9085
29472,VALO (Вало),VALO,30.367620000000002,59.884792000000004,15172
36514,Клубные апартаменты Next,Апарт-комплекс Next,30.249119,59.937653000000005,9144
48697,ЦДС Елизаровский,ЖК ЦДС Елизаровский,30.414071999999997,59.889198,2351
49769,RIVIERE NOIRE (Ривьер Нуар),ЖК Riviere Noire,30.320127000000003,59.982657999999994,8114
7408,ЦДС Кантемировский,ЦДС,30.376540999999996,59.988201000000004,2351
45243,NEVA HAUS (НЕВА ХАУС),ЖК Neva Haus,30.26046,59.962284,8114
40728,Биография,ЖК Биография,30.289534000000003,59.958743999999996,8077
7277,Леонтьевский мыс,ЖК Леонтьевский мыс,30.267721,59.963440000000006,9058
50199,"Московский, 65 (Легенда Московского)","ЖК Московский, 65",30.317287,59.907486,8075
8435,Особняк Кушелева-Безбородко,Клубный дом Особняк Кушелева-Безбородко,30.340582,59.948657999999995,14285
46193,ЦДС Московский,ЖК ЦДС Московский,30.341441999999997,59.814034,2351
53830,Артхаус,ЖК Артхаус,30.339910999999997,59.918022,9071
32028,Малая Финляндия,ЖК Малая Финляндия,28.757292,60.719467,10812
19803,UP-квартал Московский,UP-квартал Московский,30.372488,59.812641000000006,9085
15420,NEO (НЕО),Жилой дом Neo,30.332516,59.83424399999999,8114
48365,VEREN NEXT октябрьская (Верен Некст октябрьская),ЖК Veren Next октябрьская,30.474712,59.872063,10814
44789,Ligovsky city-Второй квартал (Лиговский сити-Второй квартал),ЖК Второй Квартал,30.346231,59.905894999999994,9164
45671,One Trinity Place,ЖК One Trinity Place,30.277271000000002,59.964408999999996,13053
1320389,Modum,Квартал Modum,30.200499,60.0331,1303
8832,ЭкоСити,ЖК EcoCity,30.422855,60.122192000000005,7132
869827,Квартал Che (Квартал Че),Квартал Che,30.331353999999997,59.897445999999995,8110
162983,Форсайт,Клубный дом Форсайт,30.385344,59.937416000000006,1607
7972,Петровская ривьера,ЖК Петровская ривьера,30.258581,59.959568000000004,7132
7437,ЦДС Новое Янино,ЖК ЦДС Новое Янино,30.573214,59.952141000000005,2351
7933,Русский дом,ЖК Русский дом,30.352665000000002,59.940487,8114
7107,Legenda Комендантского (Легенда Комендантского),ЖК Legenda Комендантского,30.230807000000002,60.030852,8075
1276125,Прагма Парк,ЖК Прагма Парк,30.157071999999996,59.84036999999999,5741
44582,Геометрия,ЖК Геометрия,30.522058,59.909279000000005,5733
7273,Verona,ЖК Verona,30.263678999999996,59.971691,8114
893010,Мой мир,ЖК Мой мир,30.426596999999997,60.066653,8130
1383381,Октавия,Клубный дом Октавия,30.279822999999997,59.963463,1607
1260365,Галактика Pro (Галактика Про),ЖК Галактика Pro,30.307533000000003,59.904453000000004,8110
49261,Полис на Московской,ЖК Полис на Московской,30.30307,59.84016,8130
49443,Питер,ЖК Питер,30.344316,59.853203,14642
53790,UP-квартал Пушкинский,UP-квартал Пушкинский,30.408663,59.696433999999996,9085
6965,Южная поляна,ЖК Южная поляна,30.640631,59.981979,8093
23519,Прагма City,ЖК Прагма City,30.320606,60.07291,5741
7339,ЦДС Золотое время,ЖК ЦДС Золотое время,30.264587,59.895538,2351
53197,Nobelius (Нобелиус),ЖК Nobelius,30.345936,59.965275,8133
307638,Морская набережная,ЖК Морская набережная,30.189789,59.936946999999996,8114
49230,Жемчужный Каскад,ЖК Жемчужный каскад,30.144609000000003,59.859398,1608
6957,Пять Звезд,ЖК Пять звезд,30.404013,59.962791,8169
42757,Русские сезоны,ЖК Русские сезоны,29.955065,60.11356,8077
50165,NEOPARK (НЕОПАРК),Апарт-комплекс Neopark,30.331308,59.833763,8114
381787,Новый Невский,ЖК Новый Невский,30.380211,59.924191,8133
50186,Futurist (Футурист),Дом Futurist,30.285925,59.965389,8077
105243,Жемчужная гавань,ЖК Жемчужная гавань,30.150421,59.861027,1608
51431,"Институтский, 16","ЖК Институтский, 16",30.346411,60.00238,8075
7440,ЦДС Новые горизонты,ЦДС,30.407501,60.075439,2351
7458,UP-квартал Светлановский,UP-квартал Светлановский,30.418402,60.058704000000006,9085
50975,Маленькая Франция,ЖК Маленькая Франция,30.268354,59.932289000000004,9079
15787,BauHaus,ЖК BauHaus,30.363215999999998,59.830788,9939
32141,Делагарди,Клубный дом Делагарди,30.267371999999998,59.941929,14242
50183,Studio Moskovsky (Студио Московский),МФК Studio Moskovsky,30.323165999999997,59.905986999999996,8077
7420,Премьер Палас,ЖК Премьер Палас,30.272318,59.963135,9034
7895,Legenda Дальневосточного,ЖК Legenda Дальневосточного,30.438685999999997,59.913986,8075
20603,Энфилд,ЖК Энфилд,30.399535999999998,60.062298,1303
1327970,Морская набережная. SeaView,ЖК Морская набережная. SeaView,30.201296000000003,59.930428000000006,8114
8015,Жемчужная симфония,Квартал Жемчужная симфония,30.15288,59.848018999999994,-1
6945,Огни Залива,ЖК Огни залива,30.159046000000004,59.864613,8086
53409,Ириновский,ЖК Ириновский,30.488417,59.961349,14922
47571,Премьера 2,ЖК Премьера,30.156670000000002,59.837852000000005,14921
7111,Новое Сертолово,Микрорайон Новое Сертолово,30.194048,60.164974,1301
50225,Эталон на Неве,ЖК Эталон на Неве,30.43158,59.901286999999996,8110
51339,Lampo (Лампо),ЖК Lampo,30.437025,60.06254200000001,8125
6250,Green City,ЖК Green City,30.454748,59.861134,7132
5294,INKERI (Инкери),ЖК Inkeri,30.406256,59.69830699999999,8165
14463,ЗемлЯнино,ЖК ЗемлЯнино,30.574064,59.959068,3362
65920,Victory Plaza (Виктори Плаза),ЖК Victory Plaza,30.32505,59.857914,8079
25138,Золотая Долина,ЖК Золотая Долина,30.433626,59.935283999999996,10815
16005,Клены,ЖК Клены,30.105762,59.848456999999996,10098
43986,Ювента,ЖК Ювента,30.398121000000003,60.065502,12570
40727,Образцовый квартал 3,ЖК Образцовый квартал 3,30.369665,59.753216,8163
6981,Апрель,ЖК Апрель,30.04073,59.77216,1325
6254,IQ Гатчина,Квартал IQ Гатчина,30.143068,59.581375,8113
8292,Цивилизация,ЖК Цивилизация,30.450703000000004,59.902184,8114
31471,Promenade,ЖК Promenade,30.313615999999996,59.906108999999994,9591
40922,Полис на Неве,ЖК Полис на Неве,30.448228999999998,59.894279000000004,8130
14361,RICH ART CLUB 3 (Рич Арт Клаб 3),ЖК Rich'Art Club 3,30.271725,59.98493199999999,9145
48763,ID Murino (Айди Мурино),ЖК Id Murino,30.428507,60.067951,14557
6976,Родные берега (Параллели),ЖК Параллели,39.045933000000005,45.087429,9474
155376,Курортный,ЖК Курортный,29.71603,60.197708,9127
8677,Форвард,ЖК Форвард,30.440521,60.062614,8115
49149,Славянка,ЖК Славянка 128,30.475306,59.740372,8133
8802,Малая Охта,Квартал Малая Охта,30.433621999999996,59.934559,8146
7713,Бенуа-2,ЖК Бенуа 2,30.223719,59.844666000000004,8092
7009,Life Приморский,Квартал LIFE-Приморский,30.236839,59.98289499999999,514
6648,Чудеса света,ЖК Чудеса света,30.637012,59.925430000000006,14968
18838,Две столицы,ЖК Две Столицы,30.338524,59.82029300000001,9984
310892,Заповедный парк,ЖК Заповедный парк,30.269258,60.052876,8114
40790,Barcelona (Барселона),Клубный дом Barcelona,30.342449,59.835152,11849
75380,Svetlana Park (Светлана Парк),ЖК Svetlana Park,30.330868,60.010639000000005,8079
8718,Цветной Город,ЖК Цветной город,30.481803999999997,60.007679,8114
10011,Образцовый квартал 2,ЖК Образцовый квартал 2,30.364563,59.756268000000006,8163
37178,Авеню,Жилой дом Авеню,30.212096999999996,60.144969999999994,12525
6871,Дом на Кирочной,Дом на Кирочной,30.383902000000003,59.9408,-1
7113,Ясно. Янино,ЖК Ясно. Янино,30.599663,59.958012,1301
44348,BOTANICA (БОТАНИКА),ЖК Ботаника,30.321169,59.972923,8110
634563,Образ жизни. Спортивная деревня,Образ жизни. Горная деревня,30.435809999999996,60.124653,15408
48292,Фортеция,ЖК Фортеция,29.796665,59.985565,8079
7377,Триумф Парк,ЖК Триумф Парк,30.333040000000004,59.823704000000006,15969
7042,"Светлый мир ""Я-романтик""",ЖК Светлый мир Я-Романтик,30.200369,59.937763000000004,8589
48856,Наутилус,ЖК Наутилус,30.152265999999997,59.855171,1301
7989,Царский двор,ЖК Царский двор,30.371725,59.756187,1245
31934,Тирамису,ЖК Тирамису,30.781392999999998,59.70763,8148
7047,Stockholm,ЖК Stockholm,30.244353999999998,59.982735,8079
47814,Жили-Были,ЖК Жили-Были,30.313982,60.072289000000005,1301
107059,Образцовый квартал 5,ЖК Образцовый квартал 5,30.362665000000003,59.755356000000006,8163
42666,Приморский квартал,ЖК Приморский квартал,30.303642,59.997578000000004,12850
902223,Аквилон SKY (Аквилон Скай),ЖК Аквилон Sky,30.515388,59.865387,9591
6901,Jaanila Country (Янила Кантри),Микрорайон Jaanila Country,30.577782,59.94968000000001,8113
7716,Шереметевский дворец,ЖК Шереметевский дворец,30.223621,59.84660699999999,8092
139039,Невские панорамы,ЖК Невские панорамы,30.633074,59.79855,15089
7336,Озерный,ЖК Озерный,30.478958000000002,60.053081999999996,9067
6647,Юттери,ЖК Юттери,30.628535999999997,59.756016,8113
7329,Белый сад,ЖК Белый сад,30.167477,59.61091999999999,15153
14363,Калейдоскоп,ЖК Калейдоскоп,30.378658,59.985268000000005,8114
49282,Колумб,ЖК Колумб,30.20529,59.933997999999995,1245
47019,TARMO (ТАРМО),ЖК Tarmo,30.323418,59.99488100000001,8165
8696,Палацио,Квартал Палацио,30.261183000000003,59.929611,8079
48226,Галактика. Премиум,ЖК Галактика Премиум,30.312791999999998,59.894829,8110
47403,Притяжение,ЖК Притяжение,30.33288,59.977008999999995,8079
6899,на Ярославском проспекте,ЖК Ярославский 23,30.322001,60.012935999999996,8154
31317,Новый дом в Луге,Новый дом в Луге,29.852539,58.72533000000001,15272
7222,Живи! в Рыбацком,Квартал Живи! в Рыбацком,30.534246000000003,59.829823,8146
6958,Краски Лета,ЖК Краски лета,30.427534,60.060913,8130
8781,4YOU,ЖК 4you,30.338877,59.823956,9591
49766,Архитектор,ЖК Архитектор,30.512484000000004,59.917892,9037
31470,МореОкеан,ЖК МореОкеан,30.223323999999998,60.004268999999994,8079
8398,"Светлый мир ""Внутри""",Апарт-комплекс Светлый мир Внутри,29.941626,60.129658,8589
11796,Дипломат,ЖК Дипломат,30.383503,59.930397,8133
50337,ЭкспоГрад 3,ЖК ЭкспоГрад III,30.371101,59.749706,8104
47145,Сосновка,ЖК Сосновка,30.327986,60.023487,9037
20631,Всеволожский штиль,ЖК Всеволожский штиль,30.598511,60.01712,9117
46181,NEVA-NEVA (Нева-Нева),ЖК Neva-neva,30.255527,59.937267000000006,1602
46983,Облака на Лесной,ЖК Облака на Лесной,30.358634999999996,59.98328000000001,8079
49809,Континенты,ЖК Континенты,30.31333,60.068474,1301
7179,Фонтанка 76,Клубный дом Фонтанка 76,30.336871999999996,59.925895999999995,-1
7934,Монополист,ЖК Монополист,30.391302000000003,59.939991000000006,15008
28996,Вахрушева,ЖК Вахрушева,30.647715,60.023029,9080
6956,Чистое небо,ЖК Чистое небо,30.224218,60.039562,8079
6970,Крестовский de luxe,Резиденция Крестовский de luxe,30.270891,59.966784999999994,9186
51244,Familia (Фамилия),ЖК Familia,30.261098999999998,59.960514,8136
8831,Twin House (Твин Хаус),ЖК Twin House,30.367426000000002,59.87398100000001,9164
6962,Графская слобода,ЖК Графская слобода,30.432817,59.640533,1325
1295861,Адмирал Ушаков,ЖК Адмирал Ушаков,30.258728,59.95182,9037
7260,Небо Москвы,ЖК Небо Москвы,30.325235,59.904823,-1
52704,Мурино Парк,ЖК Мурино парк,30.439829,60.064762,8100
52707,START,Апарт-комплекс Start,30.342440000000003,60.071091,8133
45198,Docklands2 (Докландс2),Лофт Docklands. Vasilievsky,30.246874,59.956551,9982
6883,Дворянское сословие,ЖК Дворянское сословие,30.406788,59.707127,9142
51227,На Героев,ЖК Legenda Героев,30.152653000000004,59.858787,14875
35423,YOGA 1 (Йога 1),ЖК Yoga,30.232071,60.032726000000004,1245
47389,Светлый мир \,ЖК Светлый мир Жизнь,30.344393,59.82439399999999,8589
50112,ArtLine (Артлайн),ЖК ArtLine в Приморском,30.257893,59.99495699999999,8079
7146,Солнечный квартет 2,ЖК Солнечный квартет I,30.534392999999998,59.663425,8104
8153,Балканы,ЖК Балканы,30.402361,59.83445699999999,1245
7721,NEWПИТЕР (НЬЮПИТЕР),ЖК New Питер,30.080928999999998,59.811127,9037
59413,The One (Зе Ван),ЖК The One,30.254011,59.960491000000005,8079
48682,Охта Хаус,ЖК Охта Хаус,30.447670000000002,59.955845,8110
7238,Дом на улице Нижне-Каменская,Дом на улице Нижне-Каменская,30.225873999999997,60.032089,8154
6837,Кристалл Полюстрово,ЖК Кристалл Полюстрово,30.428532,59.968899,8110
49283,Нахимов,ЖК Нахимов,30.206162,59.935188000000004,1245
6955,Капитал Классик,ЖК Капитал Классик,30.588556,59.747726,8936
7555,Эстет,ЖК Эстет,37.541096,55.3535,1245
5114,Дом у Разлива,Дом у Разлива,29.967546000000002,60.07795,8131
48823,New Time (Нью Тайм),ЖК New Time,30.199803999999997,60.031612,8136
50894,Эмеральд на Малой Неве,ЖК Эмеральд на Малой Неве,30.253902000000004,59.95636,8079
47875,Муринские высоты,ЖК Муринские Высоты,30.441256,60.061115,8100
46240,Философия,ЖК Философия на Московской,30.302390999999997,59.842994999999995,8079
52456,Статус у Парка Победы,ЖК Статус у Парка Победы,30.347015000000003,59.873295,8079
1467796,Апартаменты Ramada Encore by Wyndham,ЖК Ramada Encore,30.342772999999998,59.844584999999995,15891
5630,Ласточкино гнездо,ЖК Ласточкино гнездо,30.509611,59.864844999999995,8110
6973,Старая крепость,ЖК Старая крепость,30.462529999999997,60.041878000000004,8136
414409,Панорама парк Сосновка,ЖК Панорама парк Сосновка,30.336847,60.008026,8079
6934,O`Range (Оранж),ЖК O'range,30.695749,60.04379300000001,8073
43092,Георг Ландрин,ЖК Георг Ландрин,30.334484000000003,59.987759,8081
8157,Новое Колпино,Квартал Новое Колпино,30.599946999999997,59.77423100000001,8146
8009,Елагин Апарт,Апарт-комплекс Елагин-апарт,30.249676,59.98418,9178
6939,Петровская мельница,ЖК Петровская мельница,30.121980999999998,59.736973,8121
48377,Образцовый квартал 4,ЖК Образцовый квартал 4,30.367859000000003,59.75585600000001,8163
18657,Квартал Галактика,Квартал Галактика,30.309641,59.900627,8110
48290,Jaanila Drive (Янила Драйв),ЖК Янила Драйв,30.578476000000002,59.951923,8113
50265,Мурино 2020,ЖК Мурино 2020,30.420004,60.055851000000004,9484
7074,Клубный дом Петроградец,Клубный дом Петроградец,30.326304999999998,59.964825,12915
61698,Новое Купчино,ЖК Новое Купчино,30.419378000000002,59.847267,9037
6911,Новый Петергоф,ЖК Новый Петергоф,29.941715000000002,59.859097,8081
41624,"Комплекс резиденций ""Императорский Яхтъ-клуб""",Резиденция Императорский яхтъ-клуб,30.242414,59.976967,14253
43794,Апарт-отель AVATAR (Аватар),Апарт-отель Avatar,30.271010999999998,59.957115,9037
6941,Инвест-отель Salut! (Салют),Апарт-комплекс Salut!,30.327809999999996,59.831509,8573
7334,Медалист,ЖК Медалист,30.37438,59.981014,1245
50411,Ручьи,ЖК Ручьи,30.449848,60.001751,8114
7931,Дом с фонтаном,Дом с фонтаном,30.748924,60.030613,9481
7488,Del Arte,Клубный дом Del Arte,30.286960999999998,59.975388,-1
46522,Дом на Блюхера,ЖК Дом на Блюхера,30.365471000000003,59.98806,8110
50326,Стрижи в Невском,ЖК Стрижи в Невском,30.430415999999997,59.883010999999996,8079
7399,Капитал,ЖК Капитал,30.515314,59.917377,9037
48614,БернГарден,ЖК БернGarden,30.604208,60.005848,9155
8088,Неоклассика,ЖК Неоклассика,30.374146000000003,59.753311,9071
6975,Шуваловский дуэт,ЖК Шуваловский дуэт,30.318284999999996,60.072113,8131
45384,"Днепропетровская, 37","ЖК Днепропетровская, 37",30.361096999999997,59.916462,12991
129946,Идеалист,Клубный дом Идеалист,30.319958000000003,59.910881,9144
7723,Grona Lund (Грена Лунд),ЖК Gröna Lund,30.656582,60.03522099999999,2573
675984,FoRest Аквилон (Форест Аквилон),ЖК FoRest Аквилон,30.202683,60.0313,9591
5797,Новоорловский,ЖК Новоорловский,30.276751,60.057976000000004,8165
18087,Богатырь 3,ЖК Богатырь 3,30.274942,59.995075,1245
728234,Клубный дом Б57,Клубный дом Б57,30.33428,59.875328,1301
13598,Дом на Обручевых,ЖК Дом на Обручевых,30.379492,60.012737,8110
46604,Аист,ЖК Аист,30.154678000000004,59.835381000000005,9071
46121,ЭкспоГрад 2,ЖК ЭкспоГрад – II,30.370058,59.750797,8104
7443,Сириус,ЖК Сириус,30.337318,59.827049,1245
38534,YOGA 2 (ЙОГА 2),ЖК Yoga,30.232071,60.032726000000004,1245
50738,Pulse на набережной (Пульс на набережной),ЖК Pulse на набережной,30.438409999999998,59.905354,8079
39051,СолнцеPark,ЖК СолнцеPARK,30.369721999999996,59.752410999999995,9591
41017,"Светлый мир ""Жизнь""",ЖК Светлый мир Жизнь,30.344393,59.82439399999999,8589
7450,Skandi Klubb (Сканди Клуб),ЖК Skandi Klubb,30.318832,59.974773,2573
45928,Звездный дуэт,ЖК Звездный дуэт,30.363876,59.828926,8114
8158,Новый Лиговский,ЖК Новый Лиговский,30.348925,59.907436,8146
7752,Москва,ЖК Москва,30.312341999999997,59.840675,8079
49856,Terra (Терра),ЖК Terra,30.327806,59.990372,8136
1743,Северная долина,ЖК Северная Долина,30.335372999999997,60.074814,8094
6928,Виктория,ЖК Виктория,30.436909000000004,60.052967,8115
30101,LOFT NA SREDNEM (Лофт на Среднем),Клубный дом Loft Na Srednem,30.254109999999997,59.937656000000004,9982
47359,Петербургское Садовое кольцо,ЖК Петербургское Садовое Кольцо,30.001579,60.052704000000006,9194
247838,Звезды Столиц,ЖК Звезды столиц,30.340754999999998,59.825954,9984
38967,КудроВО,ЖК КудроВО!,30.509707000000002,59.908561999999996,3362
7987,Фламинго,ЖК Фламинго,30.376738,59.980129000000005,9074
7867,LENINGRAD (Ленинград),ЖК Leningrad,30.322440999999998,60.026771999999994,1245
44868,Клубный дом G9,Клубный дом G9,30.353619000000002,59.984543,1301
6966,Невские паруса,ЖК Невские паруса,30.553688,59.827286,8079
51111,Q-мир (Ку-мир),ЖК Q-мир,30.302279,59.841339000000005,9591
7227,Ландыши,ЖК Ландыши,30.372469,59.979637,8110
18173,Коллонтай 2,"ЖК Коллонтай, 2",30.443777,59.914665,8154
7376,Новый Оккервиль,Дом у Рябиновой аллеи,30.510709999999996,59.91568,9133
48971,Магеллан,ЖК Магеллан,30.208693,59.934399,1245
6895,Riverside,ЖК Riverside,30.315323,59.98296,8079
8790,Квартал Лахта Парк,Квартал Лахта Парк,30.155525,60.004993000000006,9994
7108,Северная палитра,ЖК Северная Палитра,30.434703999999996,60.060951,7052
32027,Весна,ЖК ЦДС Весна,30.513721000000004,59.904968000000004,9995
8743,Горки Парк,ЖК Горки Парк,30.463919,60.115314,9071
8402,GreenЛандия 2,Квартал GreenЛандия 2,30.431867999999998,60.065822999999995,8079
34744,Fusion,ЖК Fusion,30.339806,59.969604000000004,8110
6956,Чистое небо,ЖК Чистое небо,30.224218,60.039562,8079
1342441,"Шкапина, 22",ЖК Шкапина 22,30.293653000000003,59.906151,15805
124670,Amster (Амстер),ЖК Amster,30.23175,60.005154000000005,5529
6961,Самоцветы,ЖК Самоцветы,30.263984999999998,59.949383,8110
762758,Высший пилотаж,ЖК Высший пилотаж,30.088676,59.554379000000004,10816
94380,Классика. Дом для Души,ЖК Классика. Дом для Души,30.280287,59.96553,9034
6879,WINGS апартаменты на Крыленко (Вингс апартаменты на Крыленко),Апарт-комплекс Wings апартаменты на Крыленко,30.463590999999997,59.89574399999999,12676
107220,ID Kudrovo (Айди Кудрово),ЖК iD Kudrovo,30.517546000000003,59.921046999999994,14557
8123,Yard Residence (Ярд Резиденс),Апарт-отель Prime Residence,30.384182,59.926739000000005,9179
6929,Астрид,ЖК Астрид,30.572258,59.748608,8146
45717,Янино-Парк,ЖК Янино-Парк,30.584568,59.948551,13070
6980,Трилогия,ЖК Трилогия,30.246145000000002,59.831078000000005,15045
7341,Привилегия,ЖК Привилегия,30.277199,59.967339,9144
30185,Браво,ЖК Браво,30.61488,59.932857999999996,10813
53198,Рыбацкая гавань,ЖК Рыбацкая гавань,30.515564,59.834202000000005,14921
166124,Acqualina Apartments (Аквалина Апартментс),Клубный дом Acqualina Apartments,30.333842999999998,59.917217,15114
7715,Васильевский Квартал,ЖК Васильевский Квартал,30.230109999999996,59.940371999999996,-1
16876,Эврика,ЖК Эврика,30.405671999999996,60.046096999999996,9923
46836,Дом на Львовской,ЖК Дом на Львовской,30.419682,59.97000500000001,8167
7080,Усадьба на Ланском,ЖК Усадьба на Ланском,30.328796,59.997395,8330
46597,Богатырь 2,ЖК Богатырь,30.27285,59.997078,1245
65669,Зеленый квартал,ЖК Зеленый квартал на Пулковских высотах,30.322775,59.761852000000005,8079
7043,О Юность,ЖК О’Юность,30.451859000000002,59.89218100000001,8589
30366,VEREN PLACE советская,ЖК Veren Place советская,30.38015,59.93709200000001,10814
7390,в Парголово,ЖК Парголово,30.239179999999998,60.072311,9054
7453,Усадьба Воронцовых,ЖК Усадьба Воронцовых,30.226025,59.843295999999995,-1
8715,Барская усадьба,ЖК Барская усадьба,30.308107,60.21963100000001,9999
406030,Апартаменты Zoom Apart,Апарт-отель Zoom Apart,30.292109000000004,59.990233999999994,-1
28969,Петровский квартал на воде,ЖК Петровский Квартал на воде,30.256418,59.960152,8079
35250,Капитан Немо,ЖК Капитан Немо,30.205071000000004,59.936057999999996,1245
35331,Три Кита 2,ЖК Три кита,30.437811,60.056675,1245
103779,Клубный дом «Family Loft»,Клубный дом Family Loft,30.287934999999997,59.960812,15008
7430,Морская Звезда,ЖК Морская Звезда,30.212290000000003,60.00239200000001,8110
47389,"Светлый мир ""Тихая гавань""",ЖК Светлый мир Тихая гавань…,30.19665,59.938534,8589
8004,Дубровка,ЖК Дубровка,37.442142,55.56853100000001,10911
8762,MASTER Серебристый бульвар 19,ЖК Master,30.282913,60.006439,10000
5111,София,ЖК София,30.406269,59.858227,8114
8113,Заповедный,ЖК Заповедный,30.276996999999998,60.12063199999999,9114
45395,Мурино 2019,ЖК Мурино 2019,30.416185,60.055282999999996,9484
6914,Гармония,ЖК Гармония,30.643532,59.93224300000001,1597
7412,Шушары,ЖК Шушары,30.374185999999998,59.80724300000001,9054
7423,Верхний,ЖК Верхний,30.625927,59.936221999999994,6143
46453,Три Кита 3,ЖК Три кита,30.437811,60.056675,1245
6963,Золотые купола,ЖК Золотые купола,30.130024,60.178470999999995,8136
6912,Юнтолово,ЖК Юнтолово,30.144655,60.03120799999999,8094
5891,На Королева,ЖК на Королева,30.236234999999997,60.03508000000001,13070
5721,Южная акватория,ЖК Южная акватория,30.160823999999998,59.867405000000005,8114
31469,Два ангела,ЖК Два ангела,30.419759999999997,59.932812,8136
7134,"Каменка, кв. 78А",ЖК Каменка,30.243129999999997,60.036114000000005,13070
47413,Заневский штиль,ЖК Заневский штиль,30.51602,59.938042,14322
7427,Нева Сити,ЖК Нева Сити,30.992128000000005,59.885166000000005,9172
7365,Прибалтийский,ЖК Прибалтийский,30.175221999999998,59.866737,5736
7387,Новая Скандинавия,Квартал Новая Скандинавия,30.290264,60.061089,6703
7375,Граф Орлов,ЖК Граф Орлов,30.317453000000004,59.855888,9034
7308,Панорамы Залива,ЖК Панорамы залива,30.250596999999996,59.907024,9997
6897,Созвездие,ЖК Созвездие,30.430782,60.056374,5813
7138,Солнце,ЖК Солнце,29.107359000000002,59.90987,8073
7863,Петр Великий и Екатерина Великая,ЖК Петр Великий и Екатерина Великая,30.545393,59.831291,8136
7432,Огни Колпино,ЖК Огни Колпино,30.621346000000003,59.730385,9077
19297,ЭкспоГрад 1,ЖК ЭкспоГрад,30.373521999999998,59.754146999999996,8104
7063,Новоселье: Городские кварталы,Жилой район Новоселье: Городские кварталы,30.072777000000002,59.809429,15598
7739,Янинский каскад-4,ЖК Янинский каскад-4,30.558538000000002,59.95059200000001,9031
7630,Сокол,ЖК Сокол,30.435115999999997,60.05599599999999,8150
6968,Цветы,ЖК Цветы,30.30262,60.202099,9123
7449,YouПитер (ЮПитер),Квартал YouПитер,30.426468,60.052628000000006,1303
7447,Охтинская Дуга,ЖК Охтинская дуга,30.442278,60.057854000000006,8100
6652,Алфавит,ЖК Алфавит,30.423778999999996,60.06254200000001,8125
7463,84 высота,ЖК 84 высота,30.308159000000003,60.215603,9073
7343,Босфор,ЖК Босфор,30.37714,59.810215,1245
47925,Дом в сердце Луги,Дом в сердце Луги,29.846245,58.73220799999999,14624
11586,Маленькая Швейцария,ЖК Маленькая Швейцария,30.512859000000002,60.148205000000004,13001
748963,Добрыня 2 (Кузьминка),ЖК Кузьминка,30.466583,59.756737,15485
5702,Центральный,Микрорайон Центральный,30.638201000000002,59.936718000000006,6143
40760,Тихий город,ЖК Тихий Город,30.511446000000003,59.93996,11851
6884,Шуваловский Park,ЖК Шуваловский Park,30.323420000000002,60.062045999999995,9088
1267924,Патриот,ЖК КудроВО!,30.509707000000002,59.908561999999996,15688
7059,Чистый ручей,ЖК Чистый ручей,30.23255,60.138763,8125
7442,Невская Звезда,ЖК Невская звезда,30.465448,59.862877000000005,9032
5190,Тридевяткино царство,ЖК Тридевяткино царство,30.457558000000002,60.064312,1246
779741,Муринское-1,ЖК Силы природы,30.461723,60.06345699999999,15414
6982,Docklands (Докландс),Апарт-комплекс Docklands,30.242546,59.957497,9982
7414,Ленсоветовский,ЖК Ленсоветовский,30.474584999999998,59.759388,9054
6854,Кудров-Хаус,ЖК Кудров-Хаус,30.521044,59.90143199999999,8131
34371,Дружба,ЖК Дружба,30.786074,59.764462,10907
7712,Ново-Антропшино,ЖК Ново-Антропшино,30.430623999999998,59.641087,8100
8119,Брусничный,ЖК Брусничный,30.567268,59.948715,8119
7363,Ленинский парк,ЖК Ленинский парк,30.170986,59.86541,5736
47240,Живи! В Курортном,ЖК Живи! в Курортном,30.1716,60.117408999999995,8146
7403,Маршал,ЖК Маршал,30.387484000000004,59.976376,9034
7003,Звезда,ЖК Звезда,30.341623,59.834782,1244
5665,Вернисаж,ЖК Вернисаж,30.520393,59.905044999999994,8130
43399,Vartemagi (Вартемяги),Клубный дом Vartemägi,30.324329,60.180916,14515
5167,GreenЛандия,ЖК GreenЛандия,30.424197999999997,60.055209999999995,8079
7615,Дом Цезаря Кавоса,"Дом на Садовой, 73",30.295656,59.920074,9066
8829,Гольфстрим,ЖК Гольфстрим,30.518185,59.910515000000004,1303
39772,Дубровка на Неве,ЖК Дубровка на Неве,30.936626,59.846745,12774
6881,Мироздание,ЖК Мироздание,30.328391999999997,59.961861,8079
7734,Бельгийский квартал,ЖК Бельгийский квартал,29.876692,59.834579000000005,8135
7992,Миллениум,ЖК Миллениум,30.31632,60.070152,5529
6903,Ижора парк,ЖК Ижора парк,30.568548,59.813293,5558
6969,Московские ворота,ЖК Московские ворота,30.312986,59.886990000000004,8110
39050,Veda Village,ЖК Veda Village,30.512954999999998,59.940624,11848
32144,Солнечная сторона,ЖК Солнечная сторона,28.619691999999997,59.372268999999996,10818
14497,Янинский каскад-5,ЖК Янинский каскад-5,30.554268,59.947818999999996,15628
19213,Коломяги Плюс,ЖК Коломяги Плюс,30.292654,60.031372,8086
48805,Апарт-комплекс М97,Апарт-отель М97,30.316703999999998,59.89385600000001,8130
39349,Шоколад,ЖК Шоколад,30.047558000000002,59.775127000000005,8119
32029,Паруса,ЖК Паруса,30.155653000000004,59.86903,8114
902104,Уютный,ЖК Уютный,37.128815,55.98143,8160
8161,Ломоносов,ЖК Ломоносовъ,29.764542,59.897976,8125
6926,"7 столиц, квартал Лондон",ЖК Лондон,30.518041999999998,59.89975,8079
1330342,Дефанс,ЖК Дефанс,30.34174,59.851493999999995,1245
5666,Мой город,ЖК Мой город,30.428205,60.050072,8130
10185,Материк,ЖК Материк,30.425285,60.065815,8125
8791,Добрыня,ЖК Добрыня,30.471597999999997,59.756595999999995,9039
8783,Ассорти,Квартал Ассорти,30.652728999999997,60.03207,1247
7436,Складская ул.\u002FСоюзный пр.,ЖК на ул. Складская,30.437405,59.92009,8154
7288,Светлана,ЖК Светлана,30.323269,60.002205000000004,15090
7434,Три Кита 1,ЖК Три кита,30.437811,60.056675,1245
46745,Новая Каменка,ЖК Новая Каменка,30.233371999999996,60.03323,13070
8828,Ярославский удел,ЖК Ярославский удел,30.320803,60.015888000000004,9131
718933,ETA Village Новоселье (ЭТА Вилладж Новоселье),Жилой район Новоселье: Городские кварталы,30.072777000000002,59.809429,8160
8162,ОСТРОВ (Остров),ЖК Ostrov,30.272917,59.959949,9037
66152,AVENUE APART на Дыбенко (Авеню Апарт),Апарт-комплекс Avenue-Apart,30.31496,59.977821,15179
6670,Близкое,ЖК Близкое,30.420697999999998,60.123546999999995,8124
5998,Парнас,ЖК Парнас,30.321413,60.070942,10125
7189,Северный Вальс,ЖК Северный вальс,30.601433,60.023120999999996,8125
7404,Лондон Парк,ЖК Лондон Парк,30.362099,60.045162,9034
30263,Пляж,ЖК Пляж,29.974113,60.105782,9037
6833,Дом у озера,Дом у озера,30.580434999999998,59.810463,8151
6492,Екатерининский,МФК Екатерининский,30.436613,59.9781,9165
6943,Полар-Южный,ЖК Полар-Южный,30.64595,59.99191999999999,8129
6923,Румболово-Сити,ЖК Румболово-Сити,30.684728999999997,60.034027,8138
7239,Кремлёвские звёзды,ЖК Кремлевские звезды,30.347328000000005,59.853885999999996,8136
7642,"Пушкин, Софийский бульвар 32А",Жилой дом Софийский бульвар,30.423315000000002,59.720707,14354
6335,ЗимаЛето,ЖК ЗимаЛето,30.440044,59.938309,8079
35703,Правый берег-3,ЖК Правый берег-3,30.631971000000004,59.80064,9084
8167,Щедрин,Клубный дом Щедрин,30.384787,59.941204000000006,1607
6896,Никольский посад,ЖК Никольский посад,30.787171999999998,59.694568999999994,8148
6886,Форт Рыбацкий,ЖК Форт Рыбацкий,30.522951000000003,59.834179000000006,9149
6887,Невский эталон,ЖК Невский Эталон,30.458353000000002,59.90940500000001,8133
8401,Космос Star,ЖК КосмосStar,30.3648,59.83099,9591
7199,Fjord (Фьорд),ЖК Fjord,30.260315000000002,59.942780000000006,8165
7429,Европа Сити,ЖК Европа Сити,30.315145,59.97470500000001,8114
43048,Апартамент-отель в Зеленогорске,Загородный комплекс Первая Линия,29.752572999999998,60.184525,14251
45592,Крылья,ЖК Крылья,30.32987,59.821899,1301
7973,Полюстрово Парк,ЖК Полюстрово Парк,30.393526,59.985275,8079
6908,Новый квартал,ЖК Новый квартал,30.017222999999998,59.707581000000005,8117
42796,Ива Дом,ЖК Ива Дом,30.417282,59.961117,12190
7481,Малоневский канал 11,ЖК Город Кей,31.033615,59.940414000000004,9093
44559,MONODOM на Малом (МОНОДОМ на Малом),ЖК Monodom на Малом,30.243788000000002,59.938731999999995,12950
7892,Кировский посад,Квартал Кировский посад,31.005117,59.87754399999999,9139
7474,Янинский каскад-2,ЖК Янинский каскад-2,30.562506,59.948105000000005,9031
7407,Радужный,Жилой район Радужный,30.651792999999998,59.9879,9097
6900,Черничная поляна,ЖК Черничная поляна,30.278291999999997,60.121086,8072
8819,Премьера,ЖК Премьера,30.156670000000002,59.837852000000005,14921
15100,клубный дом-особняк Маршал,Клубный дом Маршал,30.399922999999998,59.720776,9103
48062,Кировский посад (Корпус 5.2),Квартал GreenЛандия 2,30.431867999999998,60.065822999999995,14277
5674,Десяткино,ЖК Десяткино,30.428726,60.055282999999996,5558
5673,Три апельсина,ЖК Три Апельсина,30.312796000000002,60.069901,5558
35504,Атлант,ЖК Атлант,30.328335,59.962761,9130
6851,Н.Девяткино ул. Школьная д. 2,"Жилой дом на ул. Школьная, 2",30.473278000000004,60.061951,8132
7810,Зеленый город,ЖК Green City,30.454748,59.861134,9127
7466,RICH ART CLUB 2,ЖК Rich'Art Club 2,30.273243,59.985168,9145
32140,Надежный,ЖК Надежный,30.394606,59.62095600000001,10816
8816,Дом у Невского,Дом у Невского,30.367958,59.927108999999994,8077
8764,ArtStudio,ЖК ArtStudio,30.366636,59.933075,8077
7360,Всеволожский пр. 18,ЖК Вахрушева,30.647715,60.023029,9117
7180,Cinema,ЖК Cinema,30.3873,59.985729000000006,8114
8551,"Шлиссельбург, Пролетарская ул., 38",ЖК на Кирова,31.030499,59.936249,1242
7736,На Охте,ЖК на Охте,30.411623,59.951271,9159
30290,"Тайцы, Калинина ул. 107","Дом на ул. Калинина, 107",30.133045000000003,59.663971,8090
32143,Новая Гатчина,ЖК Новая Гатчина,30.076985999999998,59.540562,9002
49544,Петродворцовая резиденция,ЖК Петродворцовая резиденция,29.919739,59.868439,14660
6894,Офицерский,ЖК Офицерский,30.288798999999997,59.955436999999996,1326
6959,Дважды Два,ЖК Дважды Два,30.077773999999998,59.722172,8156
6131,Финские кварталы,ЖК Финские кварталы,30.267076,60.150718999999995,8164
8784,Ленинградское трио,ЖК Ленинградское Трио,30.399803000000002,60.06951899999999,9032
7313,Пушкин House,ЖК Pushkin House,30.416784000000003,59.724339,9096
7457,Город детства,ЖК Город детства,30.405102000000003,59.63052,9171
8774,Дом на Киевской,Дом на Киевской,30.325619,59.902649,3541
6487,Стереос,ЖК Стереос,30.512048999999998,59.979434999999995,8146
8284,Агалатово,ЖК Агалатово,30.293159000000003,60.220963,9150
6087,Дом на Ждановке,Дом на Ждановке,30.278709000000003,59.958454,14284
7661,Рубиновый рассвет,ЖК Рубиновый Рассвет,30.652621999999997,60.022579,15894
6882,Пифагор,ЖК Пифагор,30.37701,59.979279000000005,9121
8705,Высота,ЖК Высота,30.426683,59.884636,9993
6952,Ласточка,ЖК Ласточка,30.431915000000004,60.056194,8125
8014,Шерлок Хаус,ЖК Шерлок Хаус,30.315264000000003,60.020714,9164
3126,Новый город,ЖК Новый город,30.406052000000003,59.931976,1598
8233,Мурино 2017,ЖК Мурино 2017,30.415490999999996,60.053084999999996,9484
7388,Солнечный,Квартал Солнечный,30.430803000000004,60.052535999999996,1303
7392,в Кировске,ЖК Нева Сити,30.992128000000005,59.885166000000005,1242
31318,Look Club House  (Лук Клаб Хаус),Клубный дом Look,30.349125,59.909797999999995,8133
6947,Мандарин,ЖК Мандарин,29.87182,59.835026,8142
6898,Щегловская усадьба,ЖК Щегловская усадьба,30.743629,60.030506,5813
7419,Эланд,ЖК Эланд,30.448214,60.052521,2573
32139,Резиденция на Каменном,Резиденция на Каменном,30.294434000000003,59.979046,14286
14847,Мендельсон,ЖК Мендельсон,30.282642,59.96180699999999,1607
36510,Приоритет,Клубный дом Приоритет,30.350351,59.949721999999994,9144
5715,Квартет,ЖК Квартет,30.371153000000003,59.83073,8114
46598,Девятый Вал 2,ЖК Девятый вал,30.432632,60.049362,1245
47108,Детскосельский,ЖК Дом Хороших Квартир,30.47468,59.732521,14294